<?xml version="1.0" encoding="utf-8"?>
<resources>
    <declare-styleable name="Emojicon">
        <attr name="emojiconSize" format="dimension"/>
        <attr name="emojiconTextStart" format="integer"/>
        <attr name="emojiconTextLength" format="integer"/>
    </declare-styleable>
    <declare-styleable name="FlowIndicator">
        <attr name="count" format="integer"/>
        <attr name="r" format="dimension"/>
        <attr name="space" format="dimension"/>
        <attr name="normal_color" format="color|reference"/>
        <attr name="focus_color" format="color|reference"/>
        <attr name="focus" format="integer"/>
    </declare-styleable>
    <declare-styleable name="MyRadioButton">
        <attr name="rbDrawableTopSize" format="dimension"/>
        <attr name="rbDrawableTop" format="reference"/>
    </declare-styleable>
</resources>
