<resources>
    <!-- Default screen margins, per the Android Design guidelines. -->
    <dimen name="activity_horizontal_margin">16dp</dimen>
    <dimen name="activity_vertical_margin">16dp</dimen>
    <dimen name="fab_margin">16dp</dimen>
    <dimen name="menu_textsize">12sp</dimen>
    <dimen name="menu_icon_width">36dp</dimen>
    <dimen name="menu_icon_heigh">36dp</dimen>
    <dimen name="menu_icon_margin">10dp</dimen>
    <dimen name="view_padding" >10dp</dimen>
    <dimen name="menu_activity_height">60dp</dimen>
    <dimen name="menu_icon_title">70dp</dimen>
    <dimen name="menu_title_height">50dp</dimen>
    <dimen name="menu_icon_diat">100dp</dimen>
    <dimen name="menu_title_marginRight">7dp</dimen>
    <dimen name="padding_search_bar">5dp</dimen>
    <dimen name="menu_height_title">40dp</dimen>
    <dimen name="menu_search_left">20dp</dimen>
    <dimen name="menu_btn_search">60dp</dimen>
</resources>
