<resources xmlns:android="http://schemas.android.com/apk/res/android">

    <style name="chat_content_date_style">
        <item name="android:minHeight">50dp</item>
        <item name="android:gravity">center</item>
        <item name="android:textColor">#000000</item>
        <item name="android:textSize">15sp</item>
        <item name="android:lineSpacingExtra">2dp</item>
        <item name="android:background">#bfbfbf</item>
    </style>

    <style name="chat_text_name_style">
        <item name="android:textColor">#818181</item>
        <item name="android:textSize">15sp</item>
        <item name="android:gravity">center</item>
    </style>
    
    <style name="chat_text_date_style">
        <item name="android:padding">2dp</item>
        <item name="android:paddingTop">2dip</item>
        <item name="android:paddingBottom">2dip</item>
        <item name="android:paddingLeft">12dip</item>
        <item name="android:paddingRight">12dip</item>
        <item name="android:textColor">@color/btn_gray_normal</item>
        <item name="android:textSize">12sp</item>
        <item name="android:background">@drawable/ease_timestampe_bg</item>
    </style>

    <style name="AnimFade" parent="@android:style/Animation.Activity">
        <item name="android:activityOpenEnterAnimation">@anim/fade_in</item>
        <item name="android:activityOpenExitAnimation">@anim/hold</item>
        <item name="android:activityCloseExitAnimation">@anim/fade_out</item>
    </style>

    <style name="AnimFade2" parent="@android:style/Animation.Activity">
        <item name="android:activityOpenEnterAnimation">@anim/slide_in_from_right</item>
        <item name="android:activityOpenExitAnimation">@anim/slide_out_to_left</item>
        <item name="android:activityCloseExitAnimation">@anim/slide_out_to_right</item>
        <item name="android:activityCloseEnterAnimation">@anim/slide_in_from_left</item>
    </style>

    <style name="AnimBottom" parent="@android:style/Animation">
        <item name="android:windowEnterAnimation">@anim/push_bottom_in</item>
        <item name="android:windowExitAnimation">@anim/push_bottom_out</item>
    </style>

    <style name="AnimTop" parent="@android:style/Animation">
        <item name="android:windowEnterAnimation">@anim/push_top_in</item>
        <item name="android:windowExitAnimation">@anim/push_top_out</item>
    </style>

    <style name="AnimTop2" parent="@android:style/Animation">
        <item name="android:windowEnterAnimation">@anim/push_top_in2</item>
        <item name="android:windowExitAnimation">@anim/push_top_out2</item>
    </style>

    <style name="AnimHead2" parent="@android:style/Animation">
        <item name="android:windowEnterAnimation">@anim/head_in</item>
        <item name="android:windowExitAnimation">@anim/head_out</item>
    </style>

    <style name="Anim_style" parent="android:Theme.NoTitleBar.Fullscreen">
        <item name="android:windowAnimationStyle">@style/AnimFade</item>
    </style>

    <style name="Anim_style2" parent="android:Theme.NoTitleBar">
        <item name="android:windowAnimationStyle">@style/AnimFade</item>
    </style>

    <style name="horizontal_slide" parent="android:Theme.NoTitleBar">
        <item name="android:windowAnimationStyle">@style/AnimFade2</item>
    </style>
    
    <style name="nornal_style" parent="android:Theme.NoTitleBar"/>

    <!--
    <style name="horizontal_slide2" parent="android:style/Theme.Holo.Light.NoActionBar">
        <item name="android:windowAnimationStyle">@style/AnimFade2</item>
    </style>
    -->



    <style name="MyDialogStyle">
        <item name="android:windowBackground">@android:color/transparent</item>
        <item name="android:windowFrame">@null</item>
        <item name="android:windowNoTitle">true</item>
        <item name="android:windowIsFloating">true</item>
        <item name="android:windowIsTranslucent">true</item>
        <item name="android:windowContentOverlay">@null</item>
        <item name="android:windowAnimationStyle">@android:style/Animation.Dialog</item>
        <item name="android:backgroundDimEnabled">true</item>
    </style>

    <style name="MyAlertDialog" parent="android:Theme.Dialog">
        <item name="android:windowBackground">@android:color/transparent</item>
        <item name="android:windowIsTranslucent">true</item>
        <item name="android:windowNoTitle">true</item>
        <item name="android:windowContentOverlay">@null</item>
    </style>

    <style name="MyDialogStyleBottom" parent="android:Theme.Dialog">
        <item name="android:windowAnimationStyle">@style/AnimBottom</item>
        <item name="android:windowFrame">@null</item>
        <!-- 边框 -->
        <item name="android:windowIsFloating">true</item>
        <!-- 是否浮现在activity之上 -->
        <item name="android:windowIsTranslucent">true</item>
        <!-- 半透明 -->
        <item name="android:windowNoTitle">true</item>
        <!-- 无标题 -->
        <item name="android:windowBackground">@android:color/transparent</item>
        <!-- 背景透明 -->
        <item name="android:backgroundDimEnabled">true</item>
        <!-- 模糊 -->
    </style>

    <style name="MyDialogStyleTop" parent="android:Theme.Dialog">
        <item name="android:windowAnimationStyle">@style/AnimTop2</item>
        <item name="android:windowFrame">@null</item>
        <!-- 边框 -->
        <item name="android:windowIsFloating">true</item>
        <!-- 是否浮现在activity之上 -->
        <item name="android:windowIsTranslucent">true</item>
        <!-- 半透明 -->
        <item name="android:windowNoTitle">true</item>
        <!-- 无标题 -->
        <item name="android:windowBackground">@android:color/transparent</item>
        <!-- 背景透明 -->
        <item name="android:backgroundDimEnabled">false</item>
        <!-- 模糊 -->
    </style>

    <style name="HeadScale" parent="android:Theme.Dialog">
        <item name="android:windowAnimationStyle">@style/AnimHead2</item>
        <item name="android:windowFrame">@null</item>
        <!-- 边框 -->
        <item name="android:windowIsFloating">true</item>
        <!-- 是否浮现在activity之上 -->
        <item name="android:windowIsTranslucent">true</item>
        <!-- 半透明 -->
        <item name="android:windowNoTitle">true</item>
        <!-- 无标题 -->
        <item name="android:windowBackground">@android:color/black</item>
        <item name="android:backgroundDimEnabled">false</item>
        <!-- 模糊 -->
    </style>


    <style name="devide_line_eee">
        <item name="android:layout_width">match_parent</item>
        <item name="android:layout_height">1.5dp</item>
        <item name="android:background">#eee</item>
    </style>


 <style name="bottom_line_edit_text_style" parent="@android:style/Widget.EditText">
        <item name="android:gravity">center_vertical</item>
        <item name="android:paddingLeft">6.0dip</item>
        <item name="android:paddingTop">6.0dip</item>
        <item name="android:paddingRight">6.0dip</item>
        <item name="android:paddingBottom">6.0dip</item>
        <item name="android:includeFontPadding">false</item>
        <item name="android:background">@drawable/ease_edit_text_bg</item>
    </style>
    <style name="styles_pop_window">
        <item name="@android:windowEnterAnimation">@anim/pop_enter</item>
        <item name="@android:windowExitAnimation">@anim/pop_exit</item>
    </style>
    <style name="style_menu_btn">
        <item name="android:layout_width">match_parent</item>
        <item name="android:layout_height">match_parent</item>
        <item name="android:padding">2dp</item>
        <item name="android:textColor">@color/main_botton_text_color</item>
        <item name="android:textSize">10sp</item>
        <item name="android:gravity">center</item>
    </style>
    <!--
    android:layout_width="32dp"
                  android:layout_height="32dp"
                  android:layout_centerHorizontal="true"
     -->
    <style name="style_menu_iv">
        <item name="android:layout_width">32dp</item>
        <item name="android:layout_height">32dp</item>
        <item name="android:layout_centerHorizontal">true</item>
        <item name="android:layout_marginTop">2dp</item>
    </style>
    <style name="style_divide_line">
        <item name="android:layout_width">match_parent</item>
        <item name="android:layout_height">0.5dp</item>
        <item name="android:background">@drawable/divide_line_bg</item>
    </style>

    <style name="style_menu_item">
        <item name="android:layout_width">0dp</item>
        <item name="android:layout_height">match_parent</item>
        <item name="android:layout_weight">1</item>
    </style>
    <!-- 菜单项属性的style-->
    <style name="menu_item_style">
        <item name="android:layout_width">0dp</item>
        <item name="android:layout_height">match_parent</item>
        <item name="android:layout_weight">1</item>
        <!--<item name="android:drawablePadding">7dp</item>-->
        <item name="android:gravity">center</item>
        <item name="android:paddingTop">7dp</item>
        <item name="android:textColor">#B4B4B4</item>
        <item name="android:onClick">onCheckedChange</item>
        <item name="android:textSize">@dimen/menu_textsize</item>
    </style>
    <style name="menu_item_style_cart">
        <item name="android:layout_width">match_parent</item>
        <item name="android:layout_height">match_parent</item>
        <item name="android:layout_weight">1</item>
        <item name="android:drawablePadding">7dp</item>
        <item name="android:gravity">center</item>
        <item name="android:paddingTop">7dp</item>
        <item name="android:textColor">#fff</item>
        <item name="android:onClick">onCheckedChange</item>
    </style>
    <style name="style_menu_layout">
        <item name="android:layout_width">match_parent</item>
        <item name="android:layout_height">40dp</item>
        <item name="android:layout_marginBottom">5dp</item>
        <item name="android:layout_marginLeft">5dp</item>
        <item name="android:layout_marginRight">5dp</item>
        <item name="android:layout_marginTop">5dp</item>
        <item name="android:background">#fff</item>
    </style>
    <style name="CustomCheckboxTheme" parent="@android:style/Widget.CompoundButton.CheckBox">
        <item name="android:button">@drawable/checkbox_style</item>
    </style>
</resources>