<resources xmlns:tools="http://schemas.android.com/tools">

    <!-- Base application theme. -->
    <style name="AppTheme" parent="Theme.AppCompat.Light.DarkActionBar">
        <!-- Customize your theme here. -->
        <item name="colorPrimary">@color/colorPrimary</item>
        <item name="colorPrimaryDark">@color/colorPrimaryDark</item>
        <item name="colorAccent">@color/colorAccent</item>
        <item name="android:windowBackground">@color/windows_color</item>
        <item name="windowActionBar">false</item>
        <item name="windowActionModeOverlay">true</item>
        <item name="windowNoTitle">true</item>
        <item name="android:windowIsTranslucent">true</item>
        <item name="android:windowAnimationStyle">@style/AnimFade2</item>
    </style>

    <style name="AppTheme.TransparentActivity">
        <item name="android:windowBackground">@android:color/transparent</item>
        <item name="android:windowIsTranslucent">true</item>
    </style>

    <style name="AppTheme.TransparentActivity.FullScreen">
        <item name="android:windowFullscreen">true</item>
    </style>

    <style name="TxtTitle">
        <item name="android:layout_width">wrap_content</item>
        <item name="android:layout_height">wrap_content</item>
        <item name="android:textSize">18sp</item>
        <item name="android:textColor">#000000</item>
        <item name="android:paddingLeft">6.0dip</item>
        <item name="android:paddingRight">6.0dip</item>
        <item name="android:focusable">false</item>
    </style>
    <!-- 标题1样式 -->
    <style name="txt_titleStyle1">
        <item name="android:layout_height">wrap_content</item>
        <item name="android:textSize">17sp</item>
        <item name="android:textColor">@color/white</item>
    </style>

    <style name="btn_titleStyle">
        <item name="android:layout_width">70dp</item>
        <item name="android:layout_height">30dp</item>
        <item name="android:textSize">14sp</item>
        <item name="android:textColor">#fff</item>
        <item name="android:background">@drawable/btn_bg_orange</item>
        <item name="android:layout_marginRight">10dp</item>
    </style>

    <style name="list_txt_Style">
        <item name="android:layout_width">match_parent</item>
        <item name="android:layout_height">45dp</item>
        <item name="android:textSize">16sp</item>
        <item name="android:textColor">#000000</item>
        <item name="android:paddingLeft">16.0dip</item>
        <item name="android:paddingRight">16.0dip</item>
        <item name="android:focusable">false</item>
        <item name="android:gravity">center_vertical</item>
        <item name="android:background">@drawable/setting_item_selector</item>
        <item name="android:drawablePadding">10dp</item>
        <item name="android:drawableRight">@mipmap/right</item>
    </style>

    <style name="list_txt_Style_without_right">
        <item name="android:layout_width">match_parent</item>
        <item name="android:layout_height">45dp</item>
        <item name="android:textSize">16sp</item>
        <item name="android:textColor">#000000</item>
        <item name="android:paddingLeft">16.0dip</item>
        <item name="android:paddingRight">16.0dip</item>
        <item name="android:focusable">false</item>
        <item name="android:gravity">center_vertical</item>
        <item name="android:background">@drawable/setting_item_selector</item>
        <item name="android:drawablePadding">10dp</item>
    </style>

    <style name="list_txt_Style_without_nopadding">
        <item name="android:layout_weight">1</item>
        <item name="android:layout_height">45dp</item>
        <item name="android:textSize">16sp</item>
        <item name="android:textColor">#000000</item>
        <item name="android:paddingLeft">16.0dip</item>
        <item name="android:paddingRight">16.0dip</item>
        <item name="android:focusable">false</item>
        <item name="android:gravity">center_vertical</item>
    </style>

    <style name="list_txt_Style_without_nopadding_right">
        <item name="android:layout_weight">1</item>
        <item name="android:layout_height">45dp</item>
        <item name="android:textSize">14sp</item>
        <item name="android:textColor">@color/text_color_hint</item>
        <item name="android:paddingLeft">16.0dip</item>
        <item name="android:paddingRight">16.0dip</item>
        <item name="android:focusable">false</item>
        <item name="android:gravity">right|center_vertical</item>
    </style>

    <style name="MMListCatalog">
        <item name="android:textSize">14.0dip</item>
        <item name="android:textStyle">bold</item>
        <item name="android:textColor">#ff595c61</item>
        <item name="android:gravity">center_vertical</item>
        <item name="android:orientation">horizontal</item>
        <item name="android:background">@color/windows_color</item>
        <item name="android:paddingLeft">10.0dip</item>
        <item name="android:paddingTop">5.0dip</item>
        <item name="android:paddingBottom">5.0dip</item>
        <item name="android:layout_width">fill_parent</item>
        <item name="android:layout_height">wrap_content</item>
    </style>

    <style name="MMListItem">
        <item name="android:gravity">center_vertical</item>
        <item name="android:orientation">horizontal</item>
        <item name="android:paddingLeft">8.0dip</item>
        <item name="android:paddingRight">4.0dip</item>
        <item name="android:layout_width">fill_parent</item>
        <item name="android:layout_height">wrap_content</item>
    </style>

    <style name="MMFontTitleInList">
        <item name="android:textSize">16.0dip</item>
        <item name="android:textColor">#ff595c61</item>
        <item name="android:ellipsize">end</item>
        <item name="android:gravity">center_vertical</item>
        <item name="android:layout_width">wrap_content</item>
        <item name="android:layout_height">wrap_content</item>
        <item name="android:singleLine">true</item>
    </style>

    <style name="AnimHead" parent="@android:style/Animation">
        <item name="android:windowEnterAnimation">@anim/head_in</item>
        <item name="android:windowExitAnimation">@anim/head_out</item>
    </style>

    <style name="txt_ContextStyle1">
        <item name="android:layout_width">wrap_content</item>
        <item name="android:layout_height">wrap_content</item>
        <item name="android:textSize">16sp</item>
    </style>

    <style name="txt_PersonCenter">
        <item name="android:layout_width">wrap_content</item>
        <item name="android:layout_height">wrap_content</item>
        <item name="android:textSize">20sp</item>
        <item name="android:layout_marginLeft">10dp</item>
    </style>

    <style name="AppTheme.AppBarOverlay" parent="ThemeOverlay.AppCompat.Dark.ActionBar" />

    <style name="AppTheme.PopupOverlay" parent="ThemeOverlay.AppCompat.Light" />

    <style name="CK.SwipeBack.Transparent.Theme" parent="AppTheme">
        <item name="android:windowBackground">@android:color/transparent</item>
        <item name="android:windowIsTranslucent">true</item>
        <item name="android:windowAnimationStyle">@style/CK.Animation.SlidingBack</item>
        <item name="android:actionBarStyle">@style/CK.ActionBar.Custom</item>
    </style>

    <style name="CK.Animation.SlidingBack" parent="@android:style/Animation.Activity">
        <item name="android:activityOpenEnterAnimation">@anim/slide_in_right</item>
        <item name="android:activityOpenExitAnimation">@anim/slide_out_right</item>
        <item name="android:activityCloseEnterAnimation">@anim/slide_in_right</item>
        <item name="android:activityCloseExitAnimation">@anim/slide_out_right</item>
        <item name="android:wallpaperOpenEnterAnimation">@anim/slide_in_right</item>
        <item name="android:wallpaperOpenExitAnimation">@anim/slide_out_right</item>
        <item name="android:wallpaperCloseEnterAnimation">@anim/slide_in_right</item>
        <item name="android:wallpaperCloseExitAnimation">@anim/slide_out_right</item>
        <item name="android:wallpaperIntraOpenEnterAnimation">@anim/slide_in_right</item>
        <item name="android:wallpaperIntraOpenExitAnimation">@anim/slide_out_right</item>
        <item name="android:wallpaperIntraCloseEnterAnimation">@anim/slide_in_right</item>
        <item name="android:wallpaperIntraCloseExitAnimation">@anim/slide_out_right</item>
    </style>

    <style name="CK.ActionBar.Custom" parent="@style/Widget.AppCompat.Light.ActionBar.Solid.Inverse">
        <item name="displayOptions">showCustom</item>
        <item name="android:background">@android:color/transparent</item>
        <item name="background">@android:color/transparent</item>
        <item name="android:displayOptions" tools:ignore="NewApi">showCustom</item>
        <item name="android:height">?actionBarSize</item>
    </style>
</resources>
