<resources>
    <!-- Example customization of dimensions originally defined in res/values/dimens.xml
         (such as screen margins) for screens with more than 820dp of available width. This
         would include 7" and 10" devices in landscape (~960dp and ~1280dp respectively). -->
    <dimen name="activity_horizontal_margin">64dp</dimen>
    <dimen name="menu_textsize">14sp</dimen>
    <dimen name="menu_icon_width">48dp</dimen>
    <dimen name="menu_icon_heigh">48dp</dimen>
    <dimen name="menu_icon_margin">15dp</dimen>
    <dimen name="view_padding" >10dp</dimen>
    <dimen name="menu_activity_height">60dp</dimen>
    <dimen name="menu_icon_title">80dp</dimen>
    <dimen name="menu_title_height">50dp</dimen>
    <dimen name="menu_icon_diat">100dp</dimen>
    <dimen name="menu_title_marginRight">7dp</dimen>
    <dimen name="menu_height_title">40dp</dimen>
    <dimen name="menu_search_left">20dp</dimen>
    <dimen name="menu_btn_search">60dp</dimen>
</resources>
