<?xml version="1.0" encoding="utf-8"?>
<resources>
    <string name="app_name">HLJPolice</string>
    <string name="function_title">Function</string>
    <string name="yewufuwu">业务服务</string>
    <string name="menu_icon_zaijia">加载中</string>
    <string name="menu_icon_shouye">首页</string>
    <string name="search">搜索</string>
    <string name="quanbu">全部</string>
    <string name="geren">个人</string>
    <string name="danwei">单位</string>
    <string name="jingzhong">警种</string>
    <string name="feilei">分类</string>
</resources>